,summonerId,summonerName,leaguePoints,rank,wins,losses,veteran,inactive,freshBlood,hotStreak
0,lLiyw2rw3MRloopPy2CVWsNiL9v67_lmQPHSQWeBjJR9JTM,echo22,1084,I,198,141,False,False,False,True
1,BhJyabIhF7bGz2CWYC_aHGO7kKmpqQu8JtmCC1hJ-Amv_uPRDTgexlmQug,Wardstone Wadid,1000,I,184,124,False,False,False,True
2,C_ZOY8x2XGewp3ZMexfpskWstAIqR05zsluJBDQK9F90Qfo,KilluaXL9z,992,I,1019,960,False,False,False,False
3,3pkQyUaAWpdRYdRewcn5cTN_w5eXhZg0l4zaTQbH1ChrroM,Veignorem,1035,I,813,751,True,False,False,True
4,XVVUBh8vduDw14NRS7-xGbb0O58v5W_8iUV7_AtiZ6Co0es,invicta23,1018,I,847,782,True,False,False,False
5,eX4vnFMfHwf-TkhH5DUV61MSNG1FGSutlaCUT5sCpDi4LBtU,Mountain Wolf,1587,I,391,284,True,False,False,False
6,WPzHbdh0p5G5-07ir9Xr8BzpGz70rMdsZuP2w_xW6V-jZlfFrFBTV_gNOA,Buccellati,1009,I,104,53,False,False,False,True
7,Y_fR1RCWNaAOsU_6DQgcntN8uB_We6iWVKpXqN60fc_s3I7CDy92mq4kMg,Molnigt,1118,I,279,193,False,False,True,True
8,iGVScE4pM9_kEcrSmWX73sxS5J3eUMUzFdSEcgUnnECEUYs,xFlavour4youGirl,1059,I,529,460,False,False,False,False
9,kYErf7Wei9kcgMhqcsaYvdyi4CfIooEQSgS99i_lFPPXVY7Jlv71dQaF3g,Giyuu zzz,1084,I,630,565,False,False,False,True
10,Pty_YkEZY2EXGkewyAaDJdX-aBhD2QdbnTTVVIkWBSrrd_Q,Mr Tickle,1313,I,371,285,True,False,False,False
11,5kDI_TZL85gk317RYXgJoRQQMdyxav921fR_J4QMLWyyu9w,abcdefghijklmnoz,1221,I,136,85,True,False,False,True
12,QMDA8Ucknb7QwBS7hFxWXiTnBaefQA8h0jUesaapO-SrHfM,Kakan,996,I,689,629,False,False,False,True
13,H0E6CXjjcknu1AwIE2rs_t-M982tMY3siglvZ90Wvzy0Lng,Infoneral,1010,I,460,393,False,False,True,True
14,z-jy5YFpy9KVM9BUGNvs6R9rGkuqV9wFcCSjjKg1SN3av1g,Neramin1,1080,I,447,371,False,False,False,False
15,2RPsOApGxwqV5_ZMP0TdnRMIpVIuqFbRw1eElajNX3z9nNI,Quinncidence,989,I,415,355,False,False,False,False
16,Vxo5hSPgCf_UZ4XAxUwaHiRO5aufgptyvy4pvxoKSQCl7ks,FGG,997,I,620,561,False,False,False,True
17,Epr5OdU3YMUwu2kZS-Nmwl6TUoLRoWTBUN211geJtdy5IRxC,XixauxasGrandson,1003,I,119,46,False,False,False,True
18,JAm2QEHbAhDcW-GV_bXHFlDlOvEnmJ0pndgXkT3oJUnDdqPD,pipey,988,I,238,181,False,False,False,False
19,cPB9Rr2c2kHGI0tjZC-2IyPibUMzL_38vGIErO1CuRITvYQ,WiIIyrex Fanboy,1074,I,485,427,False,False,False,False
20,eJVu_BSkyHfJkrY3Qz_MMOrTwBtTd4s-Nr5XmnHjCTjpKPmo,LFT MID,976,I,620,551,False,False,True,False
21,5rO6BXsoMxiOfV9qd30ZYuTRicBpPdYUl7MGxwuXIE29Y90J,Ox Caliste ,1000,I,566,503,True,False,False,False
22,RqlNrBLR287X3KBJ0dlvjssjpvz1zDr0Qin0DnlzGRtERQTn,Drututt,1122,I,322,260,True,False,False,False
23,-VKPRWjxvRH0N57ImVCaineG8XelU6WVw5V4JGVJoHCtoKMuoLEU9h1V2w,Adam Smαsher,1011,I,192,123,False,False,False,True
24,NgHl2-Pj4lZFpVyXXruEDQTqXQEbYO0u0TK2JIhqOqmSyQsu,SWE131,1038,I,328,254,True,False,False,False
25,J3GeKshRumRyUVEmZCP46m19ILzRh_8hA7QjRWVYfWOLj5I,Disabled Chattt,1023,I,215,152,False,False,False,True
26,gZmSOaAR-yyaEJBncv9J-L4MQ-2rBkuz9Vu329ZsyEnXyL8,ayekasia,1077,I,292,222,False,False,False,True
27,aXwoVGKkMKptoTN5xKZSLBKFEqfyXwUXA_NWVY5JwPgxpVA,Nice Guy Ben,969,I,470,410,False,False,True,False
28,nYAbSE79qocbGcAtkTdsrRitSDLxrr7iAS1-G2r5VvLDogo,Dragdar,1027,I,423,360,False,False,False,False
29,NNR-M4Us3dpTdTwokpb8kf7fUH6lhhiZ9dAXr3zn2CfT0-U,DRX BuZz,1136,I,166,129,True,False,False,True
30,sH1ckziiZP1qRWkoje_xluK1rOPME1CjgnjKzXmSigSEyzg,Thumbs Down,1133,I,479,402,True,False,False,False
31,CJVM2iRZID8QK9QdZP0_1oYk3D1FlTyzo9AOEzQ_o0DR5_U,EINS Pride,1092,I,237,206,False,False,False,False
32,NUVIa9NwQTBrBynP4DbKsH5M0GWt8Elj4uFQuALowjQASQTz,sheøqlf,1091,I,633,562,False,False,False,False
33,7mreYF5-cfq_YDyNZBoaF5uSs17ctNTAutAxTg5A22QN-ls,LiL TommyG,1175,I,746,666,True,False,False,False
34,UcKPstF5sPa69a4OGdJgNa77WkzMQlJgfjl-USaDPtKFtPY,Kamiloo ,1032,I,433,352,False,False,False,False
35,eP8MpvT7poby1WzOyb65D4_8dfUeJiGzyILoe7CKGdqVMZrIgq3r1f1-QQ,Rαfikowy666,1027,I,249,197,False,False,False,False
36,PqdXc7OiTWI4Cf0VZbD_z7iBspIzDek0A_0Roi03hivczRw,school phobia,1208,I,641,540,True,False,False,False
37,Kisj1dxkqRtH3-2srkAwvRofy6fT2jsh5yu7gDpFsnmNz-CXT1c1t93Ykw,soloqghqst,998,I,270,221,False,False,False,False
38,Xt3V74RmHketagvtBJaGMOCNAg6gboofvMQpWAMtftFWUWk,Engage,1128,I,478,416,True,False,False,False
39,CgLxvVMXWrvlEoCv-VtUs-qqsPLtbg9Q8lDMI5Ad74D5Wrs,f3ed l0rd,1014,I,234,198,False,False,False,False
40,Bewadm4vTd0X0hspb-IE8pkSZC0i-g1djOMdHJ9HOt33c04f,Patrik22,1130,I,777,707,False,False,True,False
41,eQoCVt1a4m6NstwMeIetBVidtRL6XxMB6_D_zrYP5teAQmrs,elegancko,1026,I,634,577,False,False,False,False
42,3I4DDgLorTMjV6T54NWbl6HlIcInoI44kDuxx4yJXRpAwxE,DenSygeKamel69,1180,I,1905,1820,True,False,False,False
43,TFLwOxD3l9X8LKl1ZHBvoOKLnzLUtQ8xqvU0NqkEJXGXkXrLa3XBa4Llwg,MRFCPBMMDD,1009,I,147,90,False,False,True,False
44,YP2LG5hdgGtlTK7KP0ScFKJZ9P_GnA_f4miiEiOZnsM9NuIr,Angel ôf Death,1328,I,283,210,True,False,False,False
45,uTEUbYkCUfwK-5kdCJlA91zzvRcaJqb1HYts7Lo4AB1OtcQ,Kirei sama,1044,I,466,405,True,False,False,False
46,wDo-VSqothr59Q38jNTGfjUCUYTUeJ1nMqICjWlCc0z_QW8,Mamacitaaaa,1003,I,379,310,False,False,False,True
47,rDUgdwHRClDRroSJyRI1IrgfxfCKykGa19-RJKST61qrE15cHIF9xhcOVg,ottıe,1021,I,275,244,False,False,False,False
48,sxkBSuWREDuMENJ4coIrU_IlX4y0M3O0muz68gVhBovKmFtk,G2 Princess Supp,1008,I,297,244,False,False,False,False
49,XZyqFfyDNwzsyCdyviwJntbhmWqr3vVA5-tcVN8iYXobfW-wCZZXAFz1zw,cxzkdasjdqwoiea,1236,I,165,118,False,False,False,False
50,Jg2yyDvo6uAh352OytV94MPDNDZAJSbTPV9T3P0GMd72eBNKyjB9EOVtVg,V222,1068,I,340,273,False,False,False,False
51,oM05voap9or6nqpexJulUpT_N7IBztNA-KIW1iIDor613Me7,fKing Sinerias,1303,I,337,271,True,False,False,False
52,2pEUH1fbRRALLYOb5gEpTeczzR9q7n5fI-6GEnmrjlhU5bU,B Ζ,1037,I,385,323,False,False,False,True
53,5fPyyjRgse3y1ZHUrQTDQ5lY9FLZqlIIIsZhL5WghVIFZ64,Odysseus131,1129,I,280,219,True,False,False,False
54,NdBEG_VkzEm7DIokOfiry3BlfnfU1vmQ0ArJGszkM9dwc8u89GVfMJe_pA,Retnyam,1196,I,337,265,True,False,False,False
55,aFIC9fEUknSAciQYTT5jeiToasxJAJi6wWXuvydB1MJQkuo,TakeSet sama,1217,I,445,376,True,False,False,False
56,pdt6SwDHCc7rtrwvp3uDJWAyxjNSdMucFi6fzUJtBRWSvWpu,BSC Coldraa,1241,I,231,156,True,False,False,False
57,BTNgO1fXSU_QLyzgjgvFoptZyGxOFp-QgI0gxU2NtE1bnT0,Keduii R1,1003,I,992,921,True,False,False,False
58,H_PHFPvfUenW316mNa6rfExUfK5cHXesukEk55wEFBz8-3E,TTV Potent213,1017,I,735,673,True,False,False,False
59,Q29rdmSfiaC8uXmNCdjZ9P_okQi3UE20_du2FAzAmdfCoX_g,goodbye summer,1016,I,324,282,False,False,False,False
60,-QZb22gU9tRIiZsGdZ54MJEfQo62nRF7cGqIoqHjbs5dPWRV,SPKTRA,1440,I,400,318,True,False,False,False
61,Wt0OnvkWTcGc3vV4MyAFFOOku9JcZ0J-2L7fhzB70C14qTQ,ismaaa1,1222,I,325,255,False,False,False,True
62,sy8OAKMHcCFaCybY_i-XM4yiryTuSaRH-1UsqjwlAA4wEGKF,ssimpli,1018,I,642,578,False,False,False,False
63,DSFj32kap5d_paShxWLWtRjMAEeS8gLpMkIdJ69QPF6K-U8,REAL BC ,968,I,630,570,False,False,False,False
64,9Dm1ubYYYDD7YavXPyTVdxyA4bWk0O9kyvMu9zcXInyS9iYlQgt5qR7Gqg,TwitchTv BROHAN,1092,I,470,389,False,False,False,False
65,fkhXYGUnnfkjhWm4azyhdUuloolpRpsZ7-5_4qCa67nr0uUODtXEXm0X3w,small pp lunddy,1076,I,299,242,False,False,False,True
66,vH1fyOuQkv4GHPZKhN6J0NBBbOFaK6UIiR4BH2LBiOJXJv4zIQz2FoFLSA,ide na kórwy,1001,I,141,91,False,False,False,False
67,Z9YVxmJ8QIMXGJy0bbz37lN8RPFaBJ4HgyBxGlvVZwrQJwyTmHIxw9hzOA,HOARAH LOUX Z,1190,I,392,321,False,False,False,False
68,66G-tD_JAuZKtPegiH62Vx91s3Af46TXIUXOkXtAf3735qoF,Jeyrus,1073,I,387,326,False,False,False,True
69,7XrZOoWsJGEH8F2TUmTUufYcy3xeRQUfjomtwfx0FaiKzMp0,Road2Narnia,974,I,565,474,False,False,True,False
70,OdGFM51rFhskPipHRRxNwN4vGQJDPKA_hJAhxbdLZlU-GqU,azerty1,986,I,440,380,False,False,False,False
71,O0eJ8Wz1ESchI4gEZdmoN1MmRvbD--4c7h4xPeZgwRUKviw,Unméi,999,I,393,325,False,False,False,False
72,N5MZZbi7Ea11E6_oaXJ6wx_ko0zK262cqTgTBIedAyDu71A,Szygenda,1333,I,201,126,False,False,False,False
73,sft4c-fkmdJc6GeePNeGk23iymWyS53l5LCdZuKqzmHkbQw,DIV Luke,974,I,258,185,False,False,False,False
74,A606hXQk4RIoaIrmra3P57E7v_S0_x5Ag3dASFPcpjU-66RW,SLEYERCOOL,1119,I,1054,983,False,False,False,True
75,0CFGAHTdHEkbaORSmKJyqtlCbpEIJ_q_FIrXTcKEmOgzitlDqKJTYjYUVQ,TwTv Scripter1v9,978,I,91,64,False,False,False,False
76,fwpHbUX6p0hmVswRSHUc-s2-bN7e2PMHiIhk4vZs4ZdIug-Y3JX2E03zog,DEMONHUMAN,1362,I,325,248,True,False,False,False
77,Dzd772vg3HlN8GwpBxqX_H2zN2R7jwbKkGsKq15UnJQjSSA,651818520,972,I,140,81,False,False,False,True
78,d_LtNGngIKRawcczBORNdweXQ_3FxWtCsV_mZfd80sKW1vc,WD mozart,997,I,806,736,False,False,False,False
79,UiQpUJ4rSou-hZfX3BtZhJ1yoqA3TDc-Kd6qIY5iYoJD0a51,Cboi1,1071,I,231,167,True,False,False,False
80,bJoYv3oxbkxKkFM2kSltAfydvlntb6mazaZuozsuRMmzE1l8,999DHVS,1007,I,522,475,False,False,False,True
81,r7JA2OHEPthz7dUwpajtJtadZTeMtVXX1hqpJskZf1blMIs,Mutant Grzegorz ,1008,I,199,170,False,False,False,False
82,LN2p0c84mcdkH3gRkchScgpPZUnWeD27iGsLfGTdE1p1DeM,CONAN VARVARINA,1071,I,268,196,False,False,False,False
83,xGMqnilorD0_Y4CJaRYVaRlm1dHui9yh-TJkGstggKkfEhs,Seelame v1,981,I,382,322,True,False,False,False
84,CTieBAt5mr5qBOltQxK_iDH7QkIxNejn7YDZBd6JC6nHlrI,Tαkumi Fujiwara,1000,I,481,414,False,False,False,False
85,z9s9SMdlMz5qt751niaMqZWt8J9G_jRwTTSqKepiz9KP4Whg,MywTheKebabier,977,I,571,436,False,False,False,True
86,YdTJWbOA3rBtqdmZ4i5g_ZohzXjB5i9j8DIWXEVe4A5lZh02,Shinomiya Kaguya,1079,I,730,669,False,False,False,False
87,TnPwHGs6sE5JpPOWJPh_DvOGMirvA3N3xisZLwv6kzw9O90,buff tοp,1080,I,304,226,False,False,False,False
88,pMaEq4wP66Op3VqXcy5eDniZ31nfW8b_7RX8aSp2R46QA6Az,T0R3,1062,I,173,138,False,False,False,False
89,muUJA67WaOSs9-lcxTahqTix8_Qv-b1zKLx3V8s5ipK_tuY,Afrogirl,1022,I,424,371,False,False,False,False
90,0wqW-6604gFCW5pJBpOq6o9R3ezCytHYwCfuHuPDyWftI9E,Agurin,1695,I,662,558,True,False,False,False
91,26t5IHpAtpabTDAaIMKqlRTRBqlOI3v-05K66cXnz_9ftj3JI4Z-fLJs4Q,eIramir,1150,I,835,765,False,False,False,False
92,FQPn1xPV4gLKhmzXiwyMzK_QDCk5bX6ts4l2fyz8gOSVxoP9RrPkqYLJew,prenda lo motore,1003,I,182,144,False,False,False,True
93,4MR7VZo_PtpE37gibm8phBY-mFJJVdcD-aheNop9ZU4ho50,Jagt,981,I,566,517,False,False,False,False
94,B3upv0bLv5DnDSxb6sAZxDhXA-uK84KiHp-0EP5GidODGaLY,LeBron The Xuy,1150,I,209,133,False,False,False,False
95,th-frtJVSAItJV6MWra55Q_h7XnSUOvWjDqdSz2Ly22PVMA,i die lvl3,1002,I,430,373,False,False,False,True
96,nPHVT6NntJ6Ly4LGH5ANYgyjs4OuVejJr9jC4qfpOgB4N5yoroHFv2DC2A,FIeshy,1231,I,630,553,True,False,False,False
97,I7u0xGTNK4dKGk3RJuIwx7fZaNFu-RI8ybKG659qk3Xb61U,ΜagiFelix5,1123,I,291,223,False,False,False,True
98,AOCN2CE0YAf-TmAIcGcU86uB7bxU9lg1qjSlqr730wclLrsgqGtAKtU6hQ,AØH,1005,I,357,301,False,False,False,False
99,6DPOp5VC1uz38Kj3KRSoosl58je-vYBIPSw5OJ2YuocUSeY,PatkicaA,1100,I,422,355,True,False,False,False
100,fUBVV-M5CWsoB8MrbE4IUT5sXmnfgjpK5O6AJ_imLqO0vTc,SPKTR,999,I,170,122,False,False,False,False
101,y13LAXh-Z5cO_EiB8vRr4KiqPN1k38XdlwPNZExe6FVCQuxaJKo6nADEUQ,Skeanz,1154,I,910,832,True,False,False,False
102,N0VCCdcpF1cMDlo18OPJG4oEXKq5xv-qeQIzO8uVqeQiIZ8,Targamas,1252,I,534,460,True,False,False,False
103,kSc05zMInJZYPUrQwzE4-jwsM5jCjXNM_nr8zqA0INlowzHn,hayna,999,I,299,245,False,False,False,False
104,uRrtrvswoxtdsKvX437hPaWsI99cOJvUFxQD2MT0XMyqccg,month of rain,1015,I,335,272,False,False,False,False
105,jI7xDYmSnVp4c9MJ9A5jRhHhpe_2F7xwMiCBNiRo9ACDJbA,Dzu,1107,I,406,356,False,False,False,False
106,DYsyR4m8DZm3p8kQO9sOBoV5kDFM6cKDHwbWgn0AkYn-M9LF,2022 10 01,1002,I,447,367,False,False,False,False
107,6bqAFKtAXKxCmXiyCkKUxnqsajsbn073DYCw_DH3rc-SaOg,MagiFelix5,1408,I,1192,1042,True,False,False,False
108,QJ3PBTz7-RhaNmiXIlhZakiR_H5RM1qSWZFGuQiBGIE_zHY,Don Noway,1386,I,509,426,True,False,False,False
109,VrkzqNE8oBpo7ZY8eXcoLfafAltwkNRD6i6s-FnX2pPHVMY,dejan1,975,I,549,480,True,False,False,False
110,ANHzwBb1KbjFZiUfdYJPcb-zTAK7CPIepReiI62LaSwn_40,PaxNoKo,964,I,272,209,False,False,True,False
111,bqen8__VsZg4bW4vtN3vlAKsEWp8hbnrKDKlegO-Nqicu1g,BlauBarschBube,1200,I,434,368,True,False,False,False
112,EfnIg8SCagAsNymBa1VjC_PBp8y449AqJiSZNoBHwPZp8aI,Billy Butcher,1161,I,905,823,True,False,False,False
113,d0NazOqQFX3hB9yo0G8re9518T2G3cXWKiiSdIg20yFjLOT77xsUez51Pw,costy,971,I,523,455,False,False,False,False
114,9qmSWbwBAiWXIKxEtFapbzWKhutAXJBs8zTkV_-lY00CHS8,markyyy,1015,I,516,457,False,False,False,False
115,xtf4jSBKPTOnqLFOlQILCdmi8JmHvEsIxEfGCdgDsC2Bkoo,Calmsky,1013,I,321,263,False,False,False,False
116,rs-Nzc90w-1dnLkwNHXZWrttp0hrPAnlLAOJlpdy1oxaVZvm,TwTv iljimaeEUW,1168,I,499,385,False,False,True,False
117,UkrIMq_qqFjp4BHQQwwQBwgyMFv05mUEMW6MpKkfIxVrMIU,Remix iwnl,1010,I,597,543,False,False,True,False
118,ZEVJ6xlLHRe_0mdvf7GCf-vsdAn0i8YrOxedagni7VaLPbajNZGY1jJ5ig,LeFrèreDuCrous,1008,I,751,683,False,False,False,False
119,n-IfAPWlr92UsGO6zSm3oXngA_XYuXgAHV1BOoHju8S8_io,phlaty,970,I,720,655,False,False,True,False
120,mdhKjYuDXY39vaUEhFlAus3yj-qa8nCyfNOn9VswIMD-8c0,FUN k3y,1241,I,415,336,True,False,False,False
121,jJXkZjQLDfTH8n6nNZGza52sChgix_B78W0AitdSrzO65AR6,chenzelot,975,I,400,334,False,False,False,False
122,HtnwUPF0STKijvEfUt-PJXSqVptlfrfp3VbHpOPMeOewK9s,Practice,1063,I,295,234,False,False,False,False
123,Tig5rj4THYXVu-zmEowaJjCkRvgAVm_UP1xl7_zOv7--06-_,FaithXD,1090,I,245,211,True,False,False,False
124,ENfVCHjSKLzYXQyPpHuIvH-BpZOEwt2FRQ-Lg928SBvzuQc,HenryEtooMessi,1284,I,332,249,True,False,False,False
125,pi8ykudHHW4NklHGYHv6MNESkwtR2WbTwnrdxD9GjfX7xdj5,Ghosting Gary,1065,I,447,385,False,False,False,False
126,mU0rl28F_6L3BS6vyW8_3RGrEBxCiYop-d7jY3Sk555cxTE,Happy Alexx,1115,I,951,890,True,False,False,False
127,Afj-N6EbQwK5PsnFtb4shzc6hUFUehRftyVCpeUfoSFCi5o,Porsche Kaymin S,1076,I,342,278,True,False,False,False
128,5DmkDFXjj65xGmdIKRMrbkXP4N-y_h8thpgfmhmWpMaJjIQ5,marlοn,1024,I,325,275,False,False,False,False
129,xjxXrRQIww79aQ9oxkHKqI1r7dmEC5hFCOqzmjfV3s1TFic,olaksfhijdf,1160,I,612,543,True,False,False,False
130,7HLLYL25P4ELCIlgAqqI68HStfCj0HhqbRgafUXzeOeJNZO8EdGktllZzA,SHERNFlRE,1174,I,684,611,True,False,False,False
131,e1YJTN_RaRiF-iQKFeC97vy9xvY2g3enMQDRFHqH4RPXmbY,TTV White Lotus,988,I,1425,1381,False,False,True,False
132,E5YrFE9QWm9ShF6xRuCxpXx3QAAaR9htthHye-9SPFqudMM,Jαvier,1080,I,597,530,True,False,False,False
133,nPrLT0S3LNZOEhZRqNlopbef7fZmwPGXR1pX65uID2pAjFU,indoor fish,1036,I,479,422,False,False,False,False
134,Of6_7PgO4x2JqKMGMUK2t5Xr3q-kQZNEqgs96_5MkE9Wiglxr5pKBuCrjQ,LP750 4 SV,995,I,186,123,False,False,False,True
135,XM-A-z5Vwm7NXj3HcK1lzgpGKUtwEcTuGCMn1MaoyUhfGBlr,Fatihcan,1006,I,752,703,False,False,False,False
136,Pt7KhQbLNwwQ4ahSMhuBQaiOI1hgd9r06Rx-b1VmBKn6tH-B,USE Reptile,976,I,264,232,False,False,False,False
137,yDIN1B7eGgU3EKVKsBEkUlSIugh5kWbBw4fsOVeqsPGZI_yJfjLdkGfIag,Ràion,1145,I,262,232,False,False,False,False
138,Qc7a5eBiLmCsDcrxF5zb9COn82_BKw1URJOaE5QC2ZfHm60,Peng04,1234,I,578,511,True,False,False,False
139,h32LlGIpZux2unI-9FVlQHRtF3UTB42haWpkbs6-pfLXs38,TraYtoN,1068,I,569,505,False,False,False,False
140,DE6wRc1VT9ttvC5ZAdGSbVLCWR7lB11Cqw-OwlhmjzXiLaU,SlNGED,1092,I,731,655,True,False,False,False
141,36neV9ld6DjAPfmghJQM_mu7AQkERM2CdLKai18q1oY5Aclk,xPetu,1002,I,130,73,False,False,False,True
142,W-rZ_ctpAhYaV9i9hCMaWk_yMroyrEm56Es9jzWVRpCBsr4,Yoichi Išagi,1318,I,454,371,True,False,False,False
143,BVOU_46R0GU_QN683UQmijXx22MN6zpRrc8Y3K9RxSipv-0,Pyrkã,1045,I,397,338,False,False,False,False
144,APkpHZb1pm6exah64bfvnJ3Mtc3xOgjveI_GLo30x-rSlOOp,Yikeru,1176,I,336,275,True,False,False,False
145,Pv8a5LCDQHG3KTOHBRmPtHZ9tZE8izdbBtN4Kv-q36VHJoM,Kieran Tierney,1207,I,231,156,False,False,False,False
146,mBWdiSRKvhJU3M45BZuYZkqPtjlk1faq6MNoQypfPdyisVQ,Nash2,1064,I,384,322,False,False,False,True
147,AjgjjFQjEqpZVtwgXhu6AjftnEABvjFfBzehTVt5i_152utI,VELJA THE MENACE,1230,I,379,326,True,False,False,False
148,U4esJ4DlLcFLI24TqBS24e6vNAozYYTFUXdO-_7ypkkNNKMGbXSDSgOXjA,Twitter Enemy,1150,I,318,242,True,False,False,False
149,HbHfohAyJ8cnQZudIYlP6lPi-sE9ws94j0pxTBcV9S9NdSc,xKenzuke,973,I,557,491,True,False,False,False
150,PFlCxOTO2fQvgjJ28JocMvOohRZp8KVQ8YEm21kBfwfYsEmQ,IREIKlNG,983,I,232,142,False,False,False,False
151,-RvnypRuloixD4d1jF8YeocZBgW4DJJnNpw5wO5-tLKB-wA,NATAQAQ,981,I,249,183,False,False,False,False
152,ScXCWQ1P-nf5bdGFoTtz8eFtzwGfuIsElZ8DdRFa39tqrh8a,Adison997,977,I,377,316,False,False,True,False
153,dREfEmeGHsu_JOoPHHfpNozX3dTuKcVOY6fR78701_WZx5iw818KHvmQrw,wοkeupIikethis,1048,I,124,88,False,False,False,False
154,LEhcCdsIs6LbG-pyP3XWztL1ezuvuGNfkV29b9jkSVNBTQE,noname innit,1060,I,415,350,False,False,False,False
155,7NCqwhZqWoPZHEkKXoUNkelNWGR4_Pl8416T9SzaLdf_RNo,OnlySpain,1305,I,324,247,True,False,False,False
156,1J33OlPLEero_IKfDJO0KCNDRoMZFu9W3Snmp9AA-zcTOkU,ED Xagog,990,I,210,147,False,False,False,False
157,UTliPTaKXhUCvWKGFfnLqg2AVv81i6rUPfDYXl28McxTDTA,Kenal,1072,I,583,511,True,False,False,False
158,p6RW1-C-zVu8NVJB3NPVuWnJrbhFJjljbDtL1Ut_KrOzEZE,Furuy,1078,I,278,215,False,False,False,True
159,h_cj1YuezPSX7QFlNESPlD5Xjuviu38AiBeII5NMUhr5g8w,AST Finn,1170,I,788,714,True,False,False,False
160,vSvjpxyyeLaVmg_gVzA69CZFU_clGaNvNrYQ4ssMyGkPi7k,TempUser,1069,I,568,480,False,False,False,False
161,llBQf-tvOPQFZUUGFEfNu3rROorHhkG74fn-rXtEAzslwmQKuPtO9G00ZQ,courtesy câll,1068,I,207,153,False,False,False,False
162,xA0S3CkcVfyaf-Ll8Ve0Q0PkpxOk9RN4Vox4k7KiUFHvXuZR,Iziio,1202,I,419,359,True,False,False,False
163,bttMpcQYT9wF3mbp1VwiPXmROGzPctweTrJsrpcWnQ1-VFhA,Bigby WoIf,1004,I,624,555,False,False,False,True
164,askJNDQtU_PLUEfeDS2FS_cMhsvkox0mC3cz02IKMNr2PRY1,PokéMart,1012,I,354,292,False,False,False,True
165,Kosjjx5bqQ6AIxv1gbW3LRQRhpkn5u49bcq_TbGstS4SVlo,Lathyrus,1131,I,516,454,True,False,False,False
166,qHhGdMVg31qW5N1-8BaCnDwVVOEhCsl7qBn2A-YhqhE5mXs,Maxlore,984,I,1198,1144,True,False,False,False
167,8t6pZK6jgWZ436rXMBX853c3MKwkF6jen1txsIZ5OMnEcJlw2X3XvBK5Lg,Thats a shame,1006,I,254,191,False,False,False,False
168,txz53Jg86YjDjuSK5zivO2fYAnzJXNFDe0nSxgchAiztv3tWw3CliYvx1g,Fleshy2,1189,I,238,171,True,False,False,False
169,BaCgnHz5Zl4nka6vOjkF2fxf8A4XMyt4kqLUCmZ7bGH-bVA,WindLoL,1001,I,466,413,False,False,False,True
170,FMUDLQJDQDFKUhmd5OiKmObG7ZI5xYEmLDm_j5TRBopj6YM,TW Ronges1,1110,I,567,497,True,False,False,False
171,fmr83doD5nJVUcGimqo3_BqHb4KbSdrVdSWLB_5lHTWOocw,Rabble Arouser,1404,I,210,138,False,False,False,True
172,tfCHGXZ5IGnjYmQtX1qrPesG7sF6o9kVCYhrd5t9HRWW97Yj,mersa777,989,I,421,360,False,False,False,False
173,RUseSmN0UP-_j7UuPCzJ0GrYFL8l5luqqYZbNQr_bEacuUDh,twtv rinanb,1080,I,288,217,False,False,False,False
174,2YlSUsVPoU3T_tX46nd6wvM-wNL3DSLMq_hFbqAQCEk_4DU,Ekko the Neeko,1012,I,1191,1137,False,False,False,False
175,2OsQTH55ZmcqE0Q10X9Q592NsVD41lMepFIPPC9bH5y2-nc,AHaHaCiK,1190,I,822,750,True,False,False,False
176,mNlj14BvMfJQut7bu4PvnEL3IebIOnQOT3oCNKGuEccTFTycrN7xuVfwOg,Sarub,1193,I,214,147,True,False,False,False
177,lWP7cZdyp_fAEeqGQPNAc0Ml7_YbAxK_LFtNirwutJr9qtjL,TwTv Kaos Angel,1030,I,375,301,False,False,False,False
178,3KQDbg2kDUGBKhDXCDqqlqYdFJwMGPx8wIpiSYhN8GM803E,MetroArcher,1225,I,751,681,True,False,False,False
179,BkHPl_wf8Ag_8OKNQ2yh9neNaJehd_1esFN_2fxGome-QiUG_dXjrBIj3g,DCN,1048,I,121,60,False,False,False,False
180,IiYuseZSUBJCtZFx8diK4reYXXqeWNL0fZQlpn5P_r_RKW3Dn9iWXazKXQ,120 KG BENCH,971,I,598,548,False,False,False,False
181,mPRnBxb6rCV0aKlCzlrX83ndWpDW8WooMTYE_Pahl65B1819RX426ES4Zw,Flying Colors,1261,I,370,268,True,False,False,False
182,jtzQHIONjvRXRnpNx3tYbaGXFYMDNhOgHHq6VVtnTDhPxG-r,DIA Shy Carry,1000,I,300,233,False,False,False,True
183,BomdMyMuxubCcAcEwmceu9NZLg3D3aPnDz1hb_5Pc8A4A-w,Hεy lol,1260,I,363,292,True,False,False,False
184,hOedW1Rbk4HjhbFzO1cHmQ3ROYYeiWe4wSDAxdukDP18ovjv,Polish Pyosik,1029,I,152,89,False,False,True,False
185,h_vedY__y24mc0bXT_BRHvAClWzk9CQIRd5BmxaPSDNmpMI,Tore den store,1094,I,378,318,True,False,False,False
186,FXgIIctdnlRyzhU-7RmGNt-b_kamafJkckpYbQyNf07LSrFhutPme_e5Kw,TWITCHTV suki545,1006,I,128,58,False,False,False,True
187,cUPmY88LJiullBQGaEyuAt3Zt3zeaOgLrZtbbpZMjYt4geuoO5Wqc27xjA,Badlulu00,1007,I,787,733,True,False,False,False
188,u1gn8dZpkO-Z-9FQ59D77KwjQ_yy7lzzvVd3a3eXUx7inalA,Annie IRL,1066,I,521,472,False,False,False,False
189,ijFjjpK43V-Ii9Z-DWSBFzyaj194TBddJ1XE4Ukl7mu9I0oF4FEvlDKAhw,Noa Ehn,1253,I,178,111,False,False,False,False
190,9Q27uaJaZgeJCDnmA6RKCJZA9Wf7QuU2S24MyKj7pl8x5OPGKmEKw9dmAw,JuIek,1018,I,729,672,False,False,False,False
191,t7jywm_DjOhxSQzL0lXQ455CtnC6s5lnM2hkszcKMJKqNNFInlFQV_PrXg,GPUQSXMH,993,I,1080,1021,False,False,True,False
192,hWF0SC56FNcOKrtzGm4MiVWbgsah-oTxbbei_1BkaKlVwgA,ddgodV2,1050,I,232,185,False,False,False,False
193,NCXBaWtZIOtxXBPk9nvb_Wv70VpyPAAY3wRyEC4bBNzY6WixcaGbwcFGxw,FFDP,1118,I,285,224,True,False,False,False
194,NWzMX8JlwaBYCwNR82teELIBUCif-2CFP7_IeQ9bnOm3AK76oaw6QiYKfw,Deft uwu,1080,I,193,165,True,False,False,False
195,F3Q5zx3s22_V9cszDk4a1xTS03Qm6svKIRi2RNcADkb3cJU,qweqweqweq,1054,I,400,341,True,False,False,False
196,Z_FaFXM9leN5iqXPAhQpTICjkGhmPmJvctFUE_oUU2H53P0,gunshotgun,1156,I,175,128,True,False,False,False
197,fGVSojHfW2sSyrsLdzzHNMd7epyEJUIicIXWc_9gpB7B7GrrcwWiLAG6dQ,Vlàdik,977,I,648,574,False,False,True,True
198,NFMHqOLRndG2H00iKTBx4RIKMddkAs5p0tO0noMnFmrPtS0,DRX ZeKaymin,978,I,327,274,False,False,False,False
199,lVKzx3AsdKVGyRv1MTNrW6f0mEA3TniRw8ZSXMkWjSzLGwA6,Tοαst,1162,I,888,810,True,False,False,False
200,G85TB84mNSOw4W1-Rz68nH-MG1Bu1hWc4JGvePda8lejxUh4EdCFl8ISJA,23021930219,1206,I,144,72,False,False,False,False
201,hd6ZlhW2HI6dZndQrBHqn7tv1CAgTCiYHrKsUuWDIaVSC08,DY Stend,998,I,741,680,False,False,True,True
202,FM-9D296Dbhu8LXYJ6puwe50FAnjnXQfNd2pPTMYHzgOp3rb,Hans Saitama,1034,I,165,97,False,False,True,False
203,VRns4Hxv-O6UZvfvkUTONn1Rjp04qxlegHpbwiWZsuiq3n8R-JJYEflEEA,MazeRunner0xFF,997,I,366,304,False,False,False,True
204,kacl8pFT7rFbWTd1HzjCVrGkv5PZaFpMS8OQZEgvybYbXmk,Shαwn Frost,1058,I,436,377,False,False,False,False
205,zaU7_1gfe_hOn1XIzGfB-GCyQT1pgE-qV4JwiCyL8NZ0jrLz,Lekcycc,1045,I,276,215,True,False,False,False
206,Ehgm5F-lD8m1HQoL7BMfd6IFT-ZS2YlxzTXKWry6vpSoLwY,Coatpustmain,997,I,856,796,False,False,False,False
207,ksYFAu1Ac4Qe6Pn5OCHn00qRdPHXeynU1pdxIakpO0yDEawn,Zaremba,1205,I,266,201,True,False,False,True
208,z9VcuBDR387WT92wJxtr7nIa7s0vVT_2GdnnSXi4TTj4LwE,FLY toucouille,1121,I,302,233,False,False,False,False
209,xy1-23OO84YtZKOwtNwMPKf921p80qot21Hq9aerz3xAEJvTi0Z6OxglLA,Mαster Oogwαy,1038,I,395,354,True,False,False,False
210,NpMK9KyC8fM4pN46h0PSkmTBPzEOoIC8ZZJMPUGT3i-_XAll,Kalista,1392,I,243,146,True,False,False,False
211,xMk0xYXvSRgou7iPIE0CSEhC7Q6PWLIS3Y_smGYxjmg--8_O,esuba thale,1222,I,587,511,True,False,False,False
212,NgVUkk7Vn-IDRau3KTbEbxM4pNcr6DFPxpWCnO9BOdkclJ6d,twtv regn,973,I,486,416,False,False,False,False
213,0_fB63_Xyx4cJY7Bcal2TBR4jtuRcPm2y6XcmwrnmB06fH-D881dlED9LA,10092022,1016,I,161,94,False,False,False,True
214,CFJdi1KkYD427aMnqy7aa30ZPNC-Da-J-z93Eht9pP4duMI,pocovirtuoso,1212,I,950,825,True,False,False,False
215,kjKoKE6gEYDurkSR1J8FNWyBzFoHxjo8CI1QA7Z7s1fcAXKAOvm2hSfwWw,Ryunoa Zoro,1063,I,358,297,False,False,False,True
216,sNQLl-oDAxnLI_jntBGPsY0FNSiPsOOKrXZqxaZuruNBWrQ,supaaaaaaaaaaaaa,1118,I,825,748,False,False,False,True
217,yuhuM2CIKOjBJCwNLMXfnYb_Dh7e3GWrBSNpaNIKB5uaLPSlww1sfwqWNA,tsuneo1,1018,I,99,77,False,False,False,False
218,PiWdpvL3zJIB6HRA-2EfVN9wiLClVm3RTvdt3v5JMz_LdKwn,Voidfiller LFT,1288,I,166,122,True,False,False,False
219,2WYa5ZHXQkkFZSUnThYxjTJ-2VWEjL2e1EYCBCmzxI-x39Q,LE CACA PARTOUT,1028,I,149,128,False,False,False,False
220,Z3FXKhuzo_WsFVl46xU86363fLEnVttWFqLPyf92hI8uKUmS,Thørs Snorresson,1402,I,251,157,True,False,False,True
221,ZGeHJxZ_PcSalhc_NTF6ROSQsxWGim40NswpLFE2qMnJYxE,Stormaxx,1317,I,285,207,True,False,False,False
222,ZIwxXc4QHAlSau5ZElAttx4F3ZTdmtgY3c5TturMqXpAvtA,elramir 2,1213,I,545,458,True,False,False,True
223,xjRaLmT7w_Hs62YpQsu7rJ4L0XIzwN_pTGe8UlJYu6mDu-bZgEWRyAowgw,RaiderGO,1063,I,414,385,True,False,False,False
224,mODviBxP_Be8cXKFL3rhX6hqWFrNCN5skqxbs65kWwTjNdM,Envy Carry,1001,I,541,480,False,False,False,False
225,_qnjL6BPh7LlcTINrH1IgSZxBqt4C4B2ARXXUPuaid3PEb2c,Maciej Zaremba,1017,I,281,211,False,False,False,False
226,FLhPAy2bTB5BkGYFdN3KiRYhRRSsWzhqVGNoayj918UMUPU3,2023thief,1025,I,274,206,False,False,False,False
227,J9g4QDfrSY2TpYEXBWJqWcXHlqa-6w95ooYUEas8wxO7Z78,Playboi D4nKa,1048,I,295,232,False,False,False,False
228,0PCFWZv7dBJRp4DjKpYQqpns_TMHO7FhXFRzS8ck5M1vPwU,Raiju Son Hak,1011,I,275,213,False,False,False,True
229,urBw2QWb5YRyKd2YCqydfdN1089d15aHCBugyqBNELCkp54,Tazaku,1028,I,265,211,False,False,False,False
230,HX4mDEqoBj9TiZtlJDUQ1CQaxz-0IAT2VuQP1havhe-JzegjLbCM9_u7GA,KE Palacsinta,991,I,227,194,False,False,False,True
231,mPnDL2EDrKignUyW5IQyVzAg_BRKFBm_Gny0zVrEp00JJicq,Sorya,1051,I,266,205,True,False,False,False
232,FY3ZFn0_AoCrKR2Xp8ffQVW5qLn6ORe02IAMq2enVbZbmAI,Aítana Øcaña,1031,I,524,467,False,False,False,False
233,l9nQln2A7GsdgBj73T_rr9Mwojc5TLbquYlC6j6q6Y3Bgs0,Barkoon,1100,I,996,921,True,False,False,False
234,LUvSF_9VhkiU3tGY8T0SFFmNfldLukOhNsbWuOJ_13aCfkU,Crowno,1091,I,808,730,False,False,False,False
235,7P70wGDE48gVWT9LwSgD7FIU3EwfOtm-seIqkAHdI6qDHsW1,Ehrenstein,994,I,137,79,False,False,False,True
236,99d3F_fEc1g11Ybt3WP70nOY5O55r2cOg6Y6HKLclIcMAko,Kaor1,1210,I,181,117,False,False,False,False
237,ZNk9Uk5gvw2WekUhH4MffVOjBaZCXrR8ZgP7MHDhndm9b_U,Boring cycle0,1005,I,1338,1284,False,False,False,True
238,Br9IOuOaBRO5XYxsrUOVmRHxan56-UahilvuaAF_OAZU2miH,call of power,1165,I,341,274,True,False,False,False
239,zzZ6DYR8viT_dB5zvH6k9WWHW85ifMphg8XNtPifk3kbMqI,Scotty Valens,1002,I,654,598,False,False,False,True
240,V0ThlkPshSt-eCjzioZxbhWlH_D2qqEBMWFabE5npCOrgmk,Kusa o Miko,1130,I,703,639,False,False,False,False
241,bTvoUze_g5eozPOgyobQn8Qt9mkSk1p3K8DldyxAA-5v1TX4,zhypey,1218,I,150,102,True,False,False,False
242,bWh4xwKRrUh1ff5vfGHc-uTTOVRDn_A1eMSpvXWldGNpcaw,Deádly,994,I,445,393,False,False,False,True
243,NuI4uXidWbM2tJNgwVFtS53vnS5LjvG9FChISYnkWtlByS0,Hadeslol,1022,I,92,68,False,False,False,False
244,_M4JJxQKV7UKjt82Ilfg1Cdib7_1Rrxm5FmgmwVSmurLvhT-,Nash3,1103,I,211,168,False,False,False,False
245,GtIWPfdgI4zHhPWBT6bSZ_S9TpA_g8jPmWv8-lORosXf9a8,LEC ZYZZ,1399,I,303,247,True,False,False,False
246,huoPsqNgp-qKTp5XAi3IkCnqDYhuHeA80FUywzMQgoH_0Y-b,TTV Regn,1148,I,433,360,True,False,False,False
247,mNsNHy3H0ps6F3Jw-Is41EakhMPSqnoJSIp9UzOUqp9B-w_2,NapoIeon Hill,1464,I,411,343,True,False,False,True
248,zgO54bDSRXpDsZLU3jAW1QBNWTNwudr_CDTeM42frX3oqiw,Misanthiel,1005,I,573,508,False,False,False,False
249,W51KQPsmiZT1lG8S8BoRNGmr99qhkuDF1CzscYz3F-CqVhky,SWE141,970,I,237,207,False,False,False,False
250,zdfMNa16v-pGbIUwL2_vdeLup8hlH5F51T1PYwGK60BVO01q,Emerald Dragon,1219,I,161,102,True,False,False,False
251,XinNPzdiMfwKSLIE1ptBmK6FSML6HSC0W4YH2JY3i9jNJTM,Kikis,1004,I,575,514,False,False,False,True
252,mPGnAEI7Wjo2ARSmezLusGPlBps4YkF0vEdAZ-q3Efx8a6c,Rayito,1135,I,302,237,True,False,False,False
253,DpBrYS2H9h_LnjucpTrvQRli7arOiou4j099ExAhPwtJ4BNM,Foutriquet,990,I,322,264,False,False,False,False
254,M2c1yA84TOBT5gd5QhX_O_pxXO4oVTGNGsTss7rqXNiyUIL3,Pelloquin,995,I,242,180,False,False,False,True
255,a778SxNWzJZ0FSGbRd5WB2iQNWi3xLEOs4d5-CWMGe1L3WId,asdsadasadsdas,996,I,116,60,False,False,False,True
256,hO-CTF5ZUBRQ2cVb-OgHGEAg3WtWL1OaqEGZVkyB6OMr9w3GD_FtOimDoQ,SPOLFCEI,1114,I,980,906,True,False,False,False
257,VKiQxCKgNIhwYDBGIn3WDXwkOAHRVoK_pLDCXvddnfNTByZr,Ł354,1089,I,409,349,True,False,False,False
258,kcE-m5KtsjLrAaAriprSzxsoo4FM1qBibyBKbKjFrcCgV24,Σ MORØSE,1122,I,1010,941,False,False,False,False
259,2nuNhB4AFmoVi4Z9Rbf0rL99HUdYmqQqD-PZqi5KxLNrwX5g,its never fair,1000,I,603,531,False,False,False,False
260,VkbDH6o8oSmwnGtndVftsyZBt9BuLAR5gmQAxd_OB6W7fTY,Saviour LFT,1107,I,427,357,False,False,False,True
261,9saAmTjJkBZxc3LFWgu3o3tyapRsx2U-zL8o_wiZbcz4zJc,LVP SUPPKING,1062,I,843,769,False,False,False,False
262,FGX-FFrF9Fg_iTdd7kHIhbk-bIl33G8jAcJzBWfHnoYt2zke,wx PaoPaoPW,995,I,529,474,False,False,False,True
263,Ilax1VhsecaLBux0Hm3AcL8eVGJGspYhVb4Is0TQuBi4CJiu,be like mike23,1310,I,475,390,True,False,False,True
264,Nf6l7AuiBTnA8kki4B-Aeivr9iZpKd930gjYAvOuMjLuqTU,MartHR1,991,I,443,380,True,False,False,False
265,sDkmbua2zpNzax6E8tDoQw5f6z6DH_zR4aixm7MFnd3cxMNK,Oblivion Blade,978,I,161,92,False,False,False,False
266,mYOHrkr4rPCJXwKRmdo4oO_P7REv1aESL70yycb1Z7lZdXc,IlIIllllIlIlIl,1035,I,491,430,False,False,False,True
267,79-4yoNOrp_u32QkQMESohz0NplTn8XASWgABuRcCHjzEWg,Rozpier,1016,I,224,189,False,False,False,False
268,_3Q1qq45hAN5hfNiqq4FITOnz_4bgOzdclZDIlpkMSvF-wZ5,Neekos Panties,1113,I,235,163,False,False,False,False
269,6CxGD4TLZtH90kiJeJu2b-0xUJ1j2jBACZkbrpE-Sy2SQYudurios8sehQ,one sip please,1249,I,248,181,True,False,False,False
270,55NAyvJS9KhDVrN3QqDhV4hFpaJPZWDoyp-0XSz8NEFf990W,twtv fiercefox15,1032,I,160,101,False,False,False,False
271,NsAXNtsWm5ChM24ECC54CMap2xuDLl6PwjzZfB_fLfb5R9I,Vertigo0,969,I,509,449,False,False,True,False
272,2P9aMxhZ7qoiIeEB51hhXhBt_ALaKvKem5lMx5JezXio76bg,Morfariusss,1059,I,458,383,True,False,False,False
273,-azJzL_SfAwhbVk143cUxDbmyi3pyAMO7u9keauWeeSaVFNvkf-ldpU36Q,zyb,1594,I,348,220,True,False,False,False
274,H-neVRe29C9CupwAyrrwXbsWl2_3H2gvZya9GuDezRo-ZK-FaNATlesIxw,wo taoyan suiji,1053,I,189,112,False,False,False,False
275,lK2mYbo41L7aebhQWgn3k9cgyxwXRnoJVOCThab4Lz79G2A,DizL1,995,I,338,279,True,False,False,False
276,L3ltQvG2RjE5ksnqexpR9FFZVDGr28_o34yRhqDtgfPr0bAtHLY_MYaBMQ,TWTV CHAKlBXD,1041,I,110,58,False,False,False,False
277,mJ8qSe6n6kdhibw4tyiRAeVfi84rc6H_oXoFgF5dYxCZih3E,Jopa1,1004,I,551,491,False,False,False,False
278,_rag99cd8v38FaMygvC_rG34OkqT2u1xgXcnfE84vVE0z3o,SLY Stealbag,1017,I,284,257,True,False,False,False
279,ijqvAF7A-jEAivZjBpErPrJitLAXPZxQ6gFLgLpqZudNxm0,Sexelent,1006,I,919,856,False,False,False,False
280,TVkJQcS_A8gXxBirx8d9XRhK8TAwAGhWfsBnEin4gx2xZCEFKdEyVl4Pgg,TTV suki545,1065,I,504,424,False,False,True,False
281,Kh40OxemGWoPlD5j_kspiecgrZemUnHSzKYZ8E63tYpqBWn8,AloisNL,1160,I,419,353,False,False,False,False
282,ZxRZnvdjAz7o60LpvbyQ0TFoZkgM5Xvisojb2cN6xDQJcdQ,frescus,1002,I,543,481,False,False,False,True
283,v5IInuuG7m4m0ZAaPUUWj6eEie6LRRSN2ryAdG1IlwIV_cmA,Built,1388,I,364,273,True,False,False,False
284,qHTsfd-yl34vVaHn4Ipq9RlfTjf3YYUk4hMyXJZkV8izYHU,ΒeryL,1028,I,474,401,False,False,False,True
285,_plzDJwwHOogbBvOfm6T_bjR-Cr5TgTvdbXpgHsTKjvmfj5b,Ttv Lathyrus,1355,I,256,175,True,False,False,False
286,-PPZ1ChrRHxMOclYnvhWdhyjDRD2rcRlvmhpuVXgln93eh4,Razørk Activoo,1519,I,415,313,False,False,False,False
287,a-jD9Kd5yoPmwnWvCwgn1p-8NO2y58rSiXCgXVPIaZAULok,she a bit loco,1063,I,322,259,False,False,False,False
288,tOplojG_pK7OjNz0Zvrj9rGii97eL0F9CfYrz2rQzi9xCh0,Selim Bradley  º,1037,I,465,418,False,False,False,False
289,WNtTjcbc7umezQHzjZt_YZXAKWqGMlUbXdJBdheI31NOVaY,eu top1,1019,I,439,381,False,False,False,False
290,sPBqkMUhbBHSkpqRPF9EFVbLC1hhhV8EkR8oTldG3AntCo_ip0DuFQbKGQ,TTV Poliko,1050,I,370,279,True,False,False,False
291,4iY2r774txvew3O7RPEn9X5pp1Q1gp3mc10B7HZg5svlyoE,ThePowerOfDevil,995,I,231,146,False,False,False,True
292,-XzYTB8axpwiH887kJV0AzC5fq-wqMkllrNa7Y9QrsVih1Y,Maynter,1247,I,459,374,True,False,False,False
293,IXamrlBR4Gtvga8lpk8Nn5G379j35CEwKKH-0_hdyH2yPok,HungryΡanda,1026,I,408,356,True,False,False,False
294,v7gl7n3Byzww2Yik86WE7Zms8ajAWpHnH3rwAFjP8K_W8mLp,Maître kebabier2,968,I,604,538,False,False,False,False
295,E6T8PIqmohV2ogrqa0rHq_FOQXz62madQhrtcEAC2bhTUAPF,RhiIech,1032,I,592,548,False,False,False,False
296,_61ITkEJTI0tQdtWum-DoJ0WT_gh2S09621TXgMXduT6dKk,Bollito de Cacao,1201,I,1019,932,False,False,False,False
297,9cTMasqVAMwnq3PA5zo2V-SVN9o4nQwsu-twS6U7wPQgEqE,SUPPORT KlNG,1035,I,329,294,False,False,False,False
298,JTKVDiGB5Z7_-HdBF2tS_cWjbmSlfJXKRPqe4Yix477pOYs,Aesenar,1019,I,699,641,False,False,False,False
299,X4CeuW8jW2eCuoObRvNpz_6GQiBzW4F3L6a_OCxvFVEP3oI,sussy topIaner,1029,I,627,574,False,False,False,False
